"","video_key","cell_id","curv_moment_speed","curv_tracked_speed","neigh_min_dist","population_type","uni_id"
"129",134,11,89.740895256658,73.8084160962235,477.087210204976,"Colonisation","8:5"
"131",134,14,137.556507319946,75.206010391695,56.0609798527132,"Colonisation","8:5"
"134",134,16,102.014624867501,112.486079263263,47.7086487808813,"Colonisation","8:5"
"135",134,17,149.487899859539,69.034962841936,62.4218931584771,"Colonisation","8:5"
"136",134,18,106.252622561718,55.7948810969847,109.481064262582,"Colonisation","8:5"
"138",134,20,75.6430830530545,138.943554308466,115.061918191608,"Colonisation","8:5"
"139",134,21,132.280150885778,80.9254220630288,196.983211970387,"Colonisation","8:5"
"144",134,333,205.763357009022,121.591794770602,115.147560651123,"Colonisation","8:5"
"146",134,402,128.07575961222,50.7014360023185,21.9197389448781,"Colonisation","8:5"
"147",134,403,54.3886819804482,86.5471231827071,13.1227394001261,"Colonisation","8:5"
"148",134,406,104.669701349085,55.5236034692188,5.05175423844233,"Colonisation","8:5"
"149",134,407,93.0354246972546,51.5887107395082,5.04479100314821,"Colonisation","8:5"
"150",134,408,64.2503579034458,80.3879914490814,2.30437130854929,"Colonisation","8:5"
"151",134,409,136.40136712756,55.4957372087861,49.7303106752352,"Colonisation","8:5"
"153",134,92,111.200218272223,108.21112532221,9.10554887516117,"Colonisation","8:5"
"154",137,1,160.868446964943,60.8686525075624,249.972418081252,"Colonisation","8:2"
"155",137,10,145.294720274655,81.755855957504,322.075900026984,"Colonisation","8:2"
"157",137,11,194.168640811303,107.084865349428,66.5923014463412,"Colonisation","8:2"
"162",137,205,151.051435490055,94.6833466261002,308.239313032631,"Colonisation","8:2"
"163",137,229,110.67966755453,61.1478494424448,32.8472951118512,"Colonisation","8:2"
"164",137,230,109.884142666579,59.4356422070588,31.7797595819749,"Colonisation","8:2"
"169",137,66,104.748119904165,86.8371855157976,38.2924140582144,"Colonisation","8:2"
"172",137,9,108.204684541775,74.7622080574812,164.536081980435,"Colonisation","8:2"
"189",142,1,162.685397214072,60.6619395656722,30.2825013611697,"Colonisation","8:6"
"190",142,10,161.114633943746,77.9522858529207,33.6493561962199,"Colonisation","8:6"
"192",142,11,166.27072807358,61.906922342447,88.5893444656771,"Colonisation","8:6"
"195",142,14,199.675702451559,120.695321645363,66.4505387710802,"Colonisation","8:6"
"197",142,3,116.941010344565,87.4310071000189,48.1860846441966,"Colonisation","8:6"
"198",142,328,132.842586079924,48.7967322238379,165.361551591211,"Colonisation","8:6"
"199",142,4,38.7674423132615,93.7357445631177,191.452560625378,"Colonisation","8:6"
"200",142,421,145.637140937187,70.2406018108285,44.2040063585693,"Colonisation","8:6"
"201",142,422,123.573909613203,62.9878152386827,52.4774044583962,"Colonisation","8:6"
"202",142,423,118.580494774742,80.1905353763594,73.7608135117701,"Colonisation","8:6"
"203",142,424,88.2839782112898,55.6647124546312,79.5705433956361,"Colonisation","8:6"
"205",142,426,66.4897641581297,112.74321892719,129.40845477374,"Colonisation","8:6"
"206",142,427,89.6316789899434,68.8282977112724,32.2447419458608,"Colonisation","8:6"
"207",142,428,117.670091125662,61.9703744267014,54.9177970745525,"Colonisation","8:6"
"210",142,431,171.571105685514,125.52848022232,2.45690007540895,"Colonisation","8:6"
"211",142,432,164.527495050482,134.285698893741,9.60501780387824,"Colonisation","8:6"
"212",142,433,126.902238758881,119.137502094863,4.8987250643243,"Colonisation","8:6"
"213",142,434,137.241338481701,131.888263147715,4.6538079107581,"Colonisation","8:6"
"218",142,5,72.6601477729959,40.7618291819444,123.443540684019,"Colonisation","8:6"
"219",142,59,139.750536919456,178.3902130591,36.8708292846519,"Colonisation","8:6"
"220",142,7,133.025646879493,91.9806668230633,28.9094372531339,"Colonisation","8:6"
"221",142,8,115.449555491939,65.252919325677,142.158147856817,"Colonisation","8:6"
"222",142,9,104.744801513359,83.4000966016644,73.9644034440704,"Colonisation","8:6"
"223",143,1,143.212167798411,77.9467722512286,6.35287127697655,"Colonisation","8:6"
"227",143,14,137.001804371235,78.2952930769727,28.5959669631272,"Colonisation","8:6"
"230",143,17,115.315725354625,71.2590763235188,87.1467424528302,"Colonisation","8:6"
"232",143,18,116.866558674015,55.9861289190553,198.974076495059,"Colonisation","8:6"
"234",143,19,180.09170368004,87.3559504324677,27.4031044874201,"Colonisation","8:6"
"235",143,20,131.066213512643,82.2225744631786,70.1636769109911,"Colonisation","8:6"
"236",143,21,124.538702036154,72.687133422997,13.3365506613295,"Colonisation","8:6"
"237",143,22,96.797172172267,62.6427554673067,29.5154453968242,"Colonisation","8:6"
"239",143,24,78.3917213968666,77.7873585596523,133.223247475885,"Colonisation","8:6"
"240",143,319,98.5813854361595,51.2772659671411,21.5511529301109,"Colonisation","8:6"
"246",143,533,111.157840537432,79.6343531031126,7.76122710909326,"Colonisation","8:6"
"247",143,534,163.079247192124,71.7725973678427,26.7198031021313,"Colonisation","8:6"
"248",143,535,199.928589249135,105.286066812108,30.9388483856465,"Colonisation","8:6"
"250",143,537,108.13433116779,62.1803145338604,18.7986285562415,"Colonisation","8:6"
"252",143,539,137.645892141757,65.5486752730559,2.96668872040148,"Colonisation","8:6"
"253",143,540,129.70042521414,83.5099834473332,2.96591295609044,"Colonisation","8:6"
"254",143,541,168.360916723951,82.4382948375199,2.78962049501349,"Colonisation","8:6"
"255",143,542,129.484706750079,55.9111729989616,7.14089029808718,"Colonisation","8:6"
"256",143,543,193.434929320869,100.920217137175,2.30554744178686,"Colonisation","8:6"
"257",143,544,161.574801815742,90.5126272943717,2.02768988693147,"Colonisation","8:6"
"259",143,65,95.0736179367032,50.2195248533687,26.7641900566295,"Colonisation","8:6"
"262",143,94,138.479400343985,62.6415666401755,24.0090429703529,"Colonisation","8:6"
"265",144,11,103.240115775716,51.6071163697525,108.97029548617,"Colonisation","8:6"
"266",144,12,137.283068492971,50.0885885035921,32.6628815952614,"Colonisation","8:6"
"267",144,13,120.095034080226,51.4366866226061,214.136182313074,"Colonisation","8:6"
"270",144,179,147.245989282202,69.0891540517408,23.4439024918709,"Colonisation","8:6"
"271",144,185,108.337807022011,79.0085948083553,34.6075431283493,"Colonisation","8:6"
"276",144,225,117.833070449912,87.4851148070404,47.1010315183928,"Colonisation","8:6"
"278",144,232,125.34752087561,47.2998913503124,30.6028798937835,"Colonisation","8:6"
"281",144,258,180.590208061553,67.43581078863,72.2678484417233,"Colonisation","8:6"
"282",144,261,142.152307448872,79.2524107316273,28.3764495266435,"Colonisation","8:6"
"285",144,29,157.959751977193,72.3004138935828,11.2763038386126,"Colonisation","8:6"
"293",144,416,138.184235368661,93.9357732659379,2.70524542820115,"Colonisation","8:6"
"294",144,467,143.999760950866,98.1798130168755,45.0939496882473,"Colonisation","8:6"
"296",144,469,126.878625934048,63.1502177954242,40.8608951305482,"Colonisation","8:6"
"298",144,472,112.050576629686,185.910741540134,87.9701226056426,"Colonisation","8:6"
"299",144,473,145.586132736084,65.9316457261287,27.9388822612241,"Colonisation","8:6"
"302",144,478,172.232423037403,52.2866498377729,59.83242603418,"Colonisation","8:6"
"303",144,479,176.127352657776,52.4580584205629,58.7641564940726,"Colonisation","8:6"
"304",144,482,105.284981358403,48.2191287060751,66.9200108496497,"Colonisation","8:6"
"306",144,484,65.0880178442773,37.201119942242,17.704087736051,"Colonisation","8:6"
"307",144,485,43.1097019822941,33.9770377967905,17.6733254214812,"Colonisation","8:6"
"308",144,5,143.11861509487,67.0269939956277,16.4226415484915,"Colonisation","8:6"
"309",144,57,153.257065914651,72.4285692596186,10.1497263064163,"Colonisation","8:6"
"311",144,7,54.9751949362465,97.7744620168908,72.8428716561793,"Colonisation","8:6"
"313",144,8,101.280037408781,67.9993006462407,26.2061881514718,"Colonisation","8:6"
"314",144,9,120.300522504975,72.8464688870551,50.3144230972969,"Colonisation","8:6"
"394",152,1,171.732858702251,126.066197688447,7.41327922409235,"Colonisation","9:5"
"397",152,11,162.493624810976,158.29862000422,23.7108770434849,"Colonisation","9:5"
"400",152,128,85.8198749790923,45.804705806162,9.40350125273478,"Colonisation","9:5"
"403",152,156,70.5702906654468,71.166813007783,183.125039006685,"Colonisation","9:5"
"405",152,176,185.720998041024,330.436803140029,16.569562216047,"Colonisation","9:5"
"406",152,18,148.906735943526,96.5643792544429,39.7644239275953,"Colonisation","9:5"
"407",152,182,259.914020437725,131.747642617175,5.17173476602098,"Colonisation","9:5"
"408",152,19,73.2685998800651,113.005699183685,211.486403657055,"Colonisation","9:5"
"409",152,193,90.709617163596,43.4132240727496,20.8535835942965,"Colonisation","9:5"
"412",152,21,91.1599412232487,49.8434073171463,16.4910685615636,"Colonisation","9:5"
"417",152,23,94.9751147728919,32.8439308663105,60.5783574872595,"Colonisation","9:5"
"420",152,239,124.271035007852,65.5537693074181,6.93831179623194,"Colonisation","9:5"
"421",152,24,122.439620433758,74.9753475628863,25.0714477709733,"Colonisation","9:5"
"423",152,26,176.392437720711,69.3288653396885,11.9051726961763,"Colonisation","9:5"
"424",152,27,143.799897511888,60.4880228232985,13.3035014031101,"Colonisation","9:5"
"425",152,274,197.563778655794,210.305549629786,5.10324702096519,"Colonisation","9:5"
"426",152,279,112.586107501983,65.0766262243262,9.88979542868358,"Colonisation","9:5"
"428",152,286,311.355229410595,140.072716440948,60.6537560189299,"Colonisation","9:5"
"430",152,29,232.016463369846,100.851951569087,3.92395654309999,"Colonisation","9:5"
"431",152,30,106.795265770466,46.5026165375216,83.0002043018906,"Colonisation","9:5"
"432",152,31,101.939837606626,55.2286905224597,27.5851764241268,"Colonisation","9:5"
"433",152,32,293.632279393087,141.487574387007,2.4480145478449,"Colonisation","9:5"
"435",152,33,97.2841598551698,41.3789167220145,12.873910251915,"Colonisation","9:5"
"436",152,334,74.3297338576036,39.4353704201231,10.6826368159563,"Colonisation","9:5"
"442",152,40,97.7442691894252,55.3996535468946,12.0334008397861,"Colonisation","9:5"
"444",152,405,163.051726664581,49.3363505961169,10.7331418955197,"Colonisation","9:5"
"445",152,410,124.165861713296,115.612875498817,2.90730639404311,"Colonisation","9:5"
"446",152,42,207.856176810788,122.644768593973,2.83112108068205,"Colonisation","9:5"
"447",152,421,175.735998237005,74.9121654172725,7.20635105554938,"Colonisation","9:5"
"448",152,425,34.3179383381882,31.3611456207932,15.4282315729318,"Colonisation","9:5"
"449",152,43,164.209959461795,266.747387559138,6.1591251725858,"Colonisation","9:5"
"453",152,460,240.158257439501,102.722579701106,4.85342394251973,"Colonisation","9:5"
"455",152,462,182.58069622487,81.3555617382055,139.166175816748,"Colonisation","9:5"
"456",152,464,94.5365191560349,85.4686227166865,4.73078277040275,"Colonisation","9:5"
"457",152,465,84.1496554266577,38.2408521488641,26.3080109850331,"Colonisation","9:5"
"458",152,466,119.772462477517,64.6673367484705,15.9938886610677,"Colonisation","9:5"
"459",152,467,104.969706980029,35.5859113563239,22.2229758178339,"Colonisation","9:5"
"460",152,468,119.976107441227,54.9049698814905,8.28805856735874,"Colonisation","9:5"
"462",152,471,103.828694743136,47.019507314131,10.3469083224642,"Colonisation","9:5"
"464",152,473,107.093361635839,57.3846539832152,12.4366740873583,"Colonisation","9:5"
"465",152,474,231.539097099534,102.586515383713,3.2105406831122,"Colonisation","9:5"
"466",152,475,164.539053219611,180.589754649682,4.1439603501148,"Colonisation","9:5"
"467",152,476,125.225079163662,69.0505992163081,5.20377625513323,"Colonisation","9:5"
"470",152,481,77.0371438961036,52.7281945651178,3.98883657861257,"Colonisation","9:5"
"472",152,53,73.9514818622324,83.0074194651336,4.71816209419086,"Colonisation","9:5"
"475",155,10,159.001676772621,89.9466871736305,6.70774519377452,"Colonisation","9:2"
"476",155,108,160.75393731024,88.2707755419431,5.41458240857305,"Colonisation","9:2"
"478",155,12,111.693403621378,51.4741314465278,101.742675565275,"Colonisation","9:2"
"479",155,13,94.8091732154633,52.1123449253629,66.2616150725577,"Colonisation","9:2"
"480",155,14,100.264486289677,86.6005317752985,21.9712287476645,"Colonisation","9:2"
"481",155,15,99.7523745098561,41.779791314518,123.956180356779,"Colonisation","9:2"
"482",155,16,180.046437234396,77.8412607958698,6.79475618388252,"Colonisation","9:2"
"483",155,17,102.356333240202,52.0987784420499,116.524868756011,"Colonisation","9:2"
"485",155,21,109.659378866673,64.515880830841,88.074750775933,"Colonisation","9:2"
"487",155,400,140.873296794611,68.7888013990978,9.63505751244901,"Colonisation","9:2"
"492",155,446,100.848728398719,63.7013030718616,10.5738467074832,"Colonisation","9:2"
"493",155,447,69.2676098086896,46.6904065346025,11.9867392201039,"Colonisation","9:2"
"496",155,7,103.68771103656,84.8710660935376,53.647454048241,"Colonisation","9:2"
"497",155,8,91.8686952152175,62.6214702720643,16.2455618420727,"Colonisation","9:2"
"500",156,1,147.863584457829,54.7888531117843,67.63855776992,"Colonisation","9:2"
"501",156,10,130.900950214517,63.5704749006813,41.9533606703807,"Colonisation","9:2"
"503",156,11,100.8710054281,47.0156101152607,98.0171789881014,"Colonisation","9:2"
"504",156,12,252.643301472184,266.504195071166,42.7731997555626,"Colonisation","9:2"
"508",156,239,368.518741021514,122.03931321975,249.71800018792,"Colonisation","9:2"
"509",156,312,88.9868123526856,35.6710620920095,58.1586369808942,"Colonisation","9:2"
"510",156,38,146.000311410954,69.6825420582827,64.9823706770055,"Colonisation","9:2"
"512",156,5,114.88166207338,51.3853722249464,24.3188747210222,"Colonisation","9:2"
"514",156,7,154.619730746306,101.590943325075,50.1524396728692,"Colonisation","9:2"
"516",156,72,105.826186948832,37.5874241533477,72.817779282797,"Colonisation","9:2"
"517",156,8,87.6786440946085,396.441045472938,242.030486439842,"Colonisation","9:2"
"518",156,9,95.4312595501675,68.9764818515796,48.3686672239075,"Colonisation","9:2"
"519",157,10,148.281572627619,61.0619964475354,23.4844999360907,"Colonisation","9:3"
"521",157,12,101.007722356411,59.9632636158862,3.88682292743365,"Colonisation","9:3"
"522",157,124,122.910553574796,61.7865136653761,45.5857052132837,"Colonisation","9:3"
"523",157,14,136.632799427759,44.9883669573287,88.7717532436733,"Colonisation","9:3"
"524",157,15,220.896469358694,70.3053623176873,147.030556200387,"Colonisation","9:3"
"525",157,16,133.599366987435,82.9436631653296,25.3154928697264,"Colonisation","9:3"
"526",157,175,163.716441110498,67.5442651912358,6.98007539913448,"Colonisation","9:3"
"529",157,219,86.6278901159787,73.0382339551867,2.85797462289488,"Colonisation","9:3"
"531",157,238,114.290756515317,61.7448627892769,11.6146014215053,"Colonisation","9:3"
"532",157,239,105.31649715641,78.2401819499382,12.7517157333261,"Colonisation","9:3"
"534",157,4,157.228507220425,102.836304694015,53.4095268086571,"Colonisation","9:3"
"535",157,41,70.7795190230467,46.442938891456,81.3982455946157,"Colonisation","9:3"
"539",157,8,116.103616500443,52.3640455662727,41.7210713342524,"Colonisation","9:3"
"541",157,9,40.3810092431278,491.572085551302,170.613790463729,"Colonisation","9:3"
"542",158,0,248.41957292448,81.1599296114969,5.36506659564112,"Colonisation","9:3"
"543",158,1,390.866201575176,64.0087296538383,15.2384006538256,"Colonisation","9:3"
"545",158,100,276.582301055558,150.548856503469,18.5835702201509,"Colonisation","9:3"
"548",158,12,151.033224658289,163.566485606498,8.08724256249355,"Colonisation","9:3"
"549",158,13,197.495497660886,84.6145517629596,12.0334384911998,"Colonisation","9:3"
"551",158,137,280.920146616495,160.981884716944,8.51096090253479,"Colonisation","9:3"
"552",158,138,165.867380689654,96.9979480021174,29.7196018559034,"Colonisation","9:3"
"553",158,14,160.925313711749,53.8659971419122,61.4557680151508,"Colonisation","9:3"
"558",158,16,413.485725922464,123.689711017648,40.8014299428441,"Colonisation","9:3"
"560",158,17,83.8763452698857,59.7168396856576,42.217201891605,"Colonisation","9:3"
"561",158,18,164.426663919445,73.7870138280402,72.3106025583333,"Colonisation","9:3"
"567",158,237,40.8338567210111,216.490401300333,73.1989408865682,"Colonisation","9:3"
"568",158,26,69.9788785006853,32.2287360026724,42.6793580020689,"Colonisation","9:3"
"570",158,275,296.573533294318,136.195379539128,52.2387604127548,"Colonisation","9:3"
"578",158,353,77.1910507962283,38.0449959930195,13.445466511015,"Colonisation","9:3"
"580",158,355,167.847028240197,65.6339047104835,36.5184935240149,"Colonisation","9:3"
"582",158,7,103.952483719912,68.1029237495746,13.2046634744449,"Colonisation","9:3"
"586",158,88,34.1991210777497,669.922165783506,255.735515770659,"Colonisation","9:3"
"587",162,1,450.089567224637,48.0272730757764,69.9593301588344,"Colonisation","9:6"
"588",162,10,151.306389962034,80.0069427958617,345.433989022248,"Colonisation","9:6"
"590",162,11,97.5013604585051,55.3151669875116,3.87606666320326,"Colonisation","9:6"
"592",162,12,134.30846347437,56.5092339935993,102.401566749975,"Colonisation","9:6"
"593",162,15,75.6124979555389,80.6776558974587,3.67248700596714,"Colonisation","9:6"
"595",162,197,94.6735087975523,60.3159978541379,10.9826131637652,"Colonisation","9:6"
"598",162,238,80.9408238306508,87.149768032066,2.82769162938868,"Colonisation","9:6"
"599",162,240,120.212955873451,75.3804718842853,23.3692868812386,"Colonisation","9:6"
"600",162,241,133.383766859748,38.1247617885306,10.8913195119624,"Colonisation","9:6"
"601",162,242,108.936187588325,67.9834914427036,9.45206404628122,"Colonisation","9:6"
"602",162,243,89.5401388849168,54.8839386390267,4.06791086243003,"Colonisation","9:6"
"608",162,5,41.6534812589518,67.1011079842207,69.7366899327944,"Colonisation","9:6"
"610",162,57,128.112095394518,70.2593181967394,2.77681274831878,"Colonisation","9:6"
"613",162,9,107.348317277814,41.0612207309227,162.98390245552,"Colonisation","9:6"
"688",25,10,113.752796653739,71.8165312168603,46.2121596004716,"Escape","2:3"
"690",25,12,102.028503637744,114.934175604518,74.4717957427721,"Escape","2:3"
"691",25,14,173.225566803886,55.7682715288726,63.4771183103888,"Escape","2:3"
"692",25,15,126.691792374112,50.8538378019112,96.2372877188245,"Escape","2:3"
"693",25,17,132.335944126831,60.1086924741099,67.9621714418944,"Escape","2:3"
"694",25,18,88.3319995454326,42.9006071074848,184.221349111336,"Escape","2:3"
"695",25,19,298.298533180273,131.878547144471,45.5704870674246,"Escape","2:3"
"697",25,5,94.1899141620147,64.6619432950679,156.442422027394,"Escape","2:3"
"699",25,6,131.309685924336,64.4230994535719,65.1279153871243,"Escape","2:3"
"702",25,657,100.167743759779,48.370015266559,58.8651452010059,"Escape","2:3"
"703",25,658,108.715259681643,51.7091351063925,58.5832481723103,"Escape","2:3"
"706",25,661,89.1674094911362,38.0575656833776,98.291926444823,"Escape","2:3"
"707",25,662,124.010183193664,68.7150456025318,6.44566546122138,"Escape","2:3"
"708",25,665,89.260757043199,49.9144948582043,5.19905173052732,"Escape","2:3"
"709",25,666,115.057859548832,57.5758811511501,5.73738036973328,"Escape","2:3"
"710",25,667,95.3548245171887,56.3649707201955,29.7998627636783,"Escape","2:3"
"711",25,668,115.461181401691,58.5519875898987,30.885245517624,"Escape","2:3"
"712",25,7,156.094406099453,67.0421197382845,57.6478832844563,"Escape","2:3"
"713",25,8,128.113918083716,97.8653839180844,35.1920281902417,"Escape","2:3"
"714",25,9,104.568512329986,56.2160967640117,233.442009599642,"Escape","2:3"
"716",26,11,106.69803421066,119.180868544224,47.7682016455527,"Escape","2:3"
"717",26,12,225.260924644641,90.8877285722664,114.293611887376,"Escape","2:3"
"718",26,13,185.109922723817,71.4089183491393,185.245966357493,"Escape","2:3"
"719",26,22,120.277530701936,47.874126085581,102.475550604632,"Escape","2:3"
"720",26,412,208.656472825719,92.1005992732568,88.4535840991875,"Escape","2:3"
"721",26,413,211.451634997259,50.8444255095119,2.78188089809411,"Escape","2:3"
"722",26,414,113.789340122339,61.1677013619945,23.0202911997428,"Escape","2:3"
"723",26,415,96.7494117820465,69.1193945618382,44.9561023972839,"Escape","2:3"
"724",26,416,113.725683625062,48.1284821549347,22.0233899049146,"Escape","2:3"
"725",26,417,112.254763606213,46.6341582822291,24.1728327894278,"Escape","2:3"
"727",26,419,110.446277111794,60.8481015375797,12.4257326507676,"Escape","2:3"
"728",26,6,122.567317073954,89.7698966582582,108.248907456754,"Escape","2:3"
"729",26,9,119.163760807466,41.76069174561,183.517303933787,"Escape","2:3"
"731",27,13,82.9172698049847,49.2136939641969,32.6205649705115,"Escape","2:3"
"732",27,134,136.799347190812,70.1214429449285,41.3154297421467,"Escape","2:3"
"738",27,5,107.692937164481,57.8928032171718,60.0853569290839,"Escape","2:3"
"741",27,569,133.838313196019,64.3580491355481,129.510420789715,"Escape","2:3"
"742",27,570,157.348239662758,67.0982151042303,45.6203650032327,"Escape","2:3"
"743",27,571,103.981843467058,83.5681082032662,25.1348822920947,"Escape","2:3"
"744",27,572,219.1057389988,97.0650965118464,50.333792024308,"Escape","2:3"
"747",27,61,119.239312226025,47.8067710419563,108.248751440162,"Escape","2:3"
"748",27,7,175.612154159942,103.265005731618,63.8926326927079,"Escape","2:3"
"750",27,9,261.981900399806,88.8347185718251,88.779103150327,"Escape","2:3"
"853",33,1,132.490933513638,61.2829829478113,83.4349356365867,"Escape","2:5"
"854",33,10,99.7511306123464,43.9744723854343,82.8842351907584,"Escape","2:5"
"855",33,11,97.0594968996467,44.5078085687714,100.179223197525,"Escape","2:5"
"858",33,14,130.476675416507,52.1944934662892,92.000995499497,"Escape","2:5"
"860",33,16,164.407495661069,55.6815547542418,125.230372483041,"Escape","2:5"
"861",33,17,108.261651577124,49.4916476396983,20.4758504698164,"Escape","2:5"
"862",33,18,127.062679770634,49.3667430557272,71.5272244151694,"Escape","2:5"
"864",33,19,122.895441008712,51.9172272565109,98.2397904674069,"Escape","2:5"
"865",33,22,128.301794738954,67.333997084401,202.074304301864,"Escape","2:5"
"868",33,333,73.5661193980184,37.2128944510822,23.0664376750382,"Escape","2:5"
"869",33,334,125.788132958033,51.0754751328087,64.8904899594152,"Escape","2:5"
"872",33,337,95.766295327552,66.182878989417,20.493975174728,"Escape","2:5"
"873",33,338,132.352675621162,57.0924050174047,21.4320237643505,"Escape","2:5"
"876",33,6,73.64797356275,52.4844748995482,80.1410236374081,"Escape","2:5"
"877",33,7,89.2191008979509,45.2258776258201,23.6278191443776,"Escape","2:5"
"878",33,8,32.9034241758119,95.8560488763785,130.677016726708,"Escape","2:5"
"991",43,10,61.6418491830976,30.661662461444,194.815391842361,"Escape","3:5"
"992",43,100,150.971580692169,92.6822920987787,55.5698761668393,"Escape","3:5"
"993",43,102,165.323448499254,101.112074461534,2.72932055320305,"Escape","3:5"
"995",43,11,102.374548517291,58.0908779702188,72.3010994817018,"Escape","3:5"
"996",43,12,136.145465963347,62.7467775274827,88.4862636883962,"Escape","3:5"
"997",43,126,138.039142306393,70.9667492791692,35.2702560417817,"Escape","3:5"
"998",43,13,127.809981215904,46.5592630996875,28.4322164744157,"Escape","3:5"
"999",43,14,89.0574752395606,60.3108615463584,99.0003678280323,"Escape","3:5"
"1000",43,141,70.1675875591118,66.3581671696464,63.522502022652,"Escape","3:5"
"1003",43,15,100.814906656069,72.6910806033126,59.3336240515704,"Escape","3:5"
"1004",43,16,111.685526425918,54.3426615072279,62.944691334544,"Escape","3:5"
"1005",43,17,190.663064717108,59.1571977900649,28.9739798141394,"Escape","3:5"
"1006",43,18,162.258828740723,61.7534827579104,53.5130746002436,"Escape","3:5"
"1008",43,2,70.4813147382819,57.1719805555962,81.9712746613713,"Escape","3:5"
"1009",43,20,71.3294406538863,51.8185213493102,219.643279969392,"Escape","3:5"
"1010",43,206,255.218048906643,118.665771800725,4.22387474316196,"Escape","3:5"
"1012",43,287,137.308326237134,84.8143561853976,24.0074095653449,"Escape","3:5"
"1013",43,3,58.0136212521345,60.306975345116,66.3670717725468,"Escape","3:5"
"1014",43,31,279.433735522414,129.576670651257,2.16524223386314,"Escape","3:5"
"1022",43,476,243.737976431303,151.245427044765,4.09352486130583,"Escape","3:5"
"1025",43,523,209.492020571553,140.819238581274,1.82560335131244,"Escape","3:5"
"1027",43,54,90.2424277937444,59.212695238156,34.8536558088131,"Escape","3:5"
"1032",43,573,254.249896786749,103.661318052589,17.2038647633597,"Escape","3:5"
"1034",43,578,160.181126506515,45.9849018948196,27.0008321390781,"Escape","3:5"
"1035",43,579,109.08681088912,71.1906683883379,8.21365813199133,"Escape","3:5"
"1036",43,581,168.332501499524,103.223058417307,38.2521934906733,"Escape","3:5"
"1037",43,582,88.5411569732309,86.846386053607,1.6708818977678,"Escape","3:5"
"1038",43,583,165.433860306578,77.1287077117303,48.1680774665461,"Escape","3:5"
"1039",43,584,187.99337679026,139.004665955615,40.7970102510239,"Escape","3:5"
"1041",43,587,110.208721187781,56.6532278755788,4.79190875841844,"Escape","3:5"
"1043",43,589,67.3448751547058,69.3448700940334,20.8016435657007,"Escape","3:5"
"1044",43,590,74.1768135954255,66.2004205358963,46.2854726658118,"Escape","3:5"
"1045",43,591,361.216338904028,93.3928647231749,33.5831559458962,"Escape","3:5"
"1046",43,592,372.59223714462,116.801488244246,4.48988985486906,"Escape","3:5"
"1048",43,6,133.639890487728,60.6245059915948,22.1451970924709,"Escape","3:5"
"1049",43,7,106.523803720067,68.2111997246489,35.0310797380853,"Escape","3:5"
"1050",43,79,220.199552717508,79.3370836911549,166.97614624384,"Escape","3:5"
"1051",43,8,71.3762936124792,105.402507249331,69.7712448514448,"Escape","3:5"
"1053",43,9,181.820143966157,93.2074331704304,11.4592688798296,"Escape","3:5"
"1054",44,1,255.424940507551,112.749591142701,78.0327606034765,"Escape","3:5"
"1055",44,10,176.732465882943,88.6958560331011,17.2440574989182,"Escape","3:5"
"1056",44,11,85.1280669906338,51.4245100667675,11.8043637205207,"Escape","3:5"
"1057",44,12,102.720568876835,53.8147517363804,74.2105560063391,"Escape","3:5"
"1058",44,13,147.433039072086,76.5078851873191,43.2483502078489,"Escape","3:5"
"1062",44,17,169.301414004128,73.621060462257,139.040411707226,"Escape","3:5"
"1063",44,18,192.551445609015,92.2661530055324,8.48847793320789,"Escape","3:5"
"1064",44,19,99.9415937536704,61.0460369946269,168.905779486598,"Escape","3:5"
"1065",44,20,131.499753955802,67.8354883273626,158.422681639174,"Escape","3:5"
"1068",44,22,155.082045498387,70.4526271641424,68.4896578448247,"Escape","3:5"
"1069",44,23,137.27070412141,71.2974077239457,25.8285101297494,"Escape","3:5"
"1071",44,25,117.186320549578,65.4102162613849,80.4507156462651,"Escape","3:5"
"1072",44,257,195.756938154549,131.656572686888,3.19608012952597,"Escape","3:5"
"1074",44,27,115.561744897898,63.3231468187223,130.101054961107,"Escape","3:5"
"1076",44,316,307.993306185014,103.036782486942,40.4126516242036,"Escape","3:5"
"1082",44,385,144.458447771357,82.6105901354041,9.40289327415884,"Escape","3:5"
"1083",44,402,167.797400603597,152.891544627251,8.16611511430725,"Escape","3:5"
"1085",44,458,87.1822467454784,51.6548410551343,59.1568659252487,"Escape","3:5"
"1086",44,459,121.622267925394,75.8574329743466,20.419876418169,"Escape","3:5"
"1087",44,460,184.855142498175,116.94666393747,3.39678447784173,"Escape","3:5"
"1096",44,9,152.494974045369,86.7446815564147,96.3375709307752,"Escape","3:5"
"1097",46,1,186.511642838225,97.5384158371671,6.35017221809011,"Escape","3:2"
"1098",46,10,86.9808002107959,58.4355016244003,284.721854536964,"Escape","3:2"
"1099",46,12,170.699424872979,115.446585647264,6.97769394662202,"Escape","3:2"
"1101",46,14,99.5438290779391,49.0112684076261,28.4535170725204,"Escape","3:2"
"1102",46,140,155.883483456932,73.8730303696919,17.2432247456613,"Escape","3:2"
"1104",46,148,212.235250547926,87.2778085463689,30.0708817434869,"Escape","3:2"
"1105",46,15,87.8881456949877,47.2253498122202,25.8053672805339,"Escape","3:2"
"1109",46,17,209.229606460719,82.4085230498472,87.3023367394222,"Escape","3:2"
"1110",46,19,125.961839644344,46.7632394816224,75.7439631902972,"Escape","3:2"
"1112",46,193,174.027557355578,102.346762580751,6.14091792277051,"Escape","3:2"
"1114",46,20,148.788248419695,64.5598627778542,26.7412023690588,"Escape","3:2"
"1119",46,22,176.536636260166,110.905122049898,4.17609036533318,"Escape","3:2"
"1120",46,221,251.565429228983,127.680033172381,11.7915661379078,"Escape","3:2"
"1121",46,23,185.816139908233,92.9090620274474,62.2205429156304,"Escape","3:2"
"1128",46,26,196.216372044001,90.1735957253512,3.76907073676133,"Escape","3:2"
"1134",46,293,38.6143271914312,35.5737471824882,58.3712960058279,"Escape","3:2"
"1135",46,317,183.200122265942,94.6195994238584,4.28787032761616,"Escape","3:2"
"1136",46,319,91.2369459036813,59.4765530756816,16.3193328982729,"Escape","3:2"
"1138",46,329,106.14461794584,53.4797796174552,315.886157858731,"Escape","3:2"
"1146",46,54,172.681919442873,127.356437519017,3.6754697423266,"Escape","3:2"
"1147",46,7,134.1574047305,85.1687132143233,12.2904448229945,"Escape","3:2"
"1149",46,750,138.072887204441,82.4343175000233,8.38699745426901,"Escape","3:2"
"1151",46,752,138.198920178011,81.5795426638203,36.1576312487349,"Escape","3:2"
"1152",46,755,113.607403583116,93.1686275654371,2.91868039338999,"Escape","3:2"
"1153",46,756,73.4345602590151,75.8024998445766,2.12386264227544,"Escape","3:2"
"1154",46,758,276.991838555633,100.685607798562,6.4341465691198,"Escape","3:2"
"1155",46,759,116.803226312253,49.3463214715311,16.6489499865244,"Escape","3:2"
"1156",46,760,105.511568341165,50.4901611994459,27.2348333201504,"Escape","3:2"
"1158",46,763,198.095644000487,67.1114443811047,51.8800344884824,"Escape","3:2"
"1161",46,769,174.856787568727,89.8296293209084,22.7763255773068,"Escape","3:2"
"1163",46,771,168.635273151594,105.462667502009,3.31252058964197,"Escape","3:2"
"1168",46,782,164.928577138039,79.1723149558772,2.18498444366951,"Escape","3:2"
"1169",46,783,217.695930896534,120.52938416858,19.3476560727756,"Escape","3:2"
"1172",46,788,203.312641395455,100.315810447455,6.65325206187447,"Escape","3:2"
"1174",46,790,371.110023536408,177.884819994276,17.5290700492968,"Escape","3:2"
"1176",46,792,232.995732403385,114.552879708666,21.0615928492208,"Escape","3:2"
"1177",46,793,110.453605686218,73.7522718072602,7.04055342334411,"Escape","3:2"
"1179",46,796,138.046562642602,46.9025388841829,47.0051262331387,"Escape","3:2"
"1180",46,8,155.025788487251,95.1354512357331,36.7230877230832,"Escape","3:2"
"1183",49,1,134.820124927197,24.748614677464,33.1885573801153,"Escape","3:3"
"1184",49,10,128.120918538685,52.7868150934089,75.6768742157318,"Escape","3:3"
"1185",49,11,102.394407662933,63.6698226735575,50.0285794830533,"Escape","3:3"
"1186",49,112,150.068285245721,74.5883212666457,12.0118024799534,"Escape","3:3"
"1187",49,12,92.2953011864715,68.5360747918542,128.261284776782,"Escape","3:3"
"1188",49,124,139.085897161254,78.9449327105046,7.20653575389673,"Escape","3:3"
"1189",49,13,93.0222572060723,60.5996195497842,89.756501213185,"Escape","3:3"
"1190",49,14,207.649106008044,82.4002988512769,10.2298917690917,"Escape","3:3"
"1191",49,15,89.2127755064787,65.2105862427847,135.858726552026,"Escape","3:3"
"1193",49,173,95.322457005776,58.4059145414681,282.359402658709,"Escape","3:3"
"1197",49,204,214.647611526082,101.407652809196,61.4447228532361,"Escape","3:3"
"1199",49,206,192.551539340893,92.5995835487235,6.33575978254039,"Escape","3:3"
"1201",49,208,168.31723598163,71.3446031995337,37.0735108336991,"Escape","3:3"
"1202",49,211,129.191863191214,48.4314644947966,44.004687294551,"Escape","3:3"
"1203",49,212,77.2965613543929,53.826652850374,16.3833354143877,"Escape","3:3"
"1204",49,214,142.311314760891,66.3573381093519,76.9357832916607,"Escape","3:3"
"1206",49,3,104.493980647575,51.0185057157482,73.2483736500065,"Escape","3:3"
"1207",49,4,152.968458717871,80.8761151125452,64.1353529091597,"Escape","3:3"
"1208",49,5,165.067147970496,75.1273722831579,95.6966437195353,"Escape","3:3"
"1209",49,6,94.7555075862295,63.4058159481187,121.630451365152,"Escape","3:3"
"1210",49,7,106.669946915776,63.3790101606198,37.5933819326527,"Escape","3:3"
"1211",49,71,133.678661579219,20.3596912773137,35.2024444557245,"Escape","3:3"
"1212",49,8,139.845942384131,56.3726411566255,54.4783525581614,"Escape","3:3"
"1216",52,13,107.665724245244,49.1484899994311,184.812955020876,"Escape","3:6"
"1217",52,14,103.31143928984,59.1910623483678,116.170571527357,"Escape","3:6"
"1219",52,17,151.465311347949,73.1757146419586,72.1033345531797,"Escape","3:6"
"1221",52,18,208.842280996951,83.9443618811769,34.2674605571206,"Escape","3:6"
"1222",52,20,120.231675459002,82.5736433976904,117.824209969956,"Escape","3:6"
"1223",52,21,171.772875346041,80.3701474632646,117.87992394382,"Escape","3:6"
"1224",52,218,136.517309209374,54.5370213762693,2.52961594720129,"Escape","3:6"
"1233",52,448,459.83454498301,127.075621467654,12.3715242385332,"Escape","3:6"
"1234",52,461,202.432682191759,87.0705661837707,9.50679688172229,"Escape","3:6"
"1235",52,498,315.913683362232,144.343108716168,3.31038811726871,"Escape","3:6"
"1236",52,5,107.282096603299,107.400437307638,152.148251268294,"Escape","3:6"
"1238",52,520,233.448700811831,86.7430448222382,11.0571253675905,"Escape","3:6"
"1246",52,578,115.581954597216,85.8214670224897,27.2903400733227,"Escape","3:6"
"1247",52,579,66.3315308236107,36.1525885131193,27.6648550546931,"Escape","3:6"
"1248",52,580,168.921663505818,85.407870547845,45.6045961834969,"Escape","3:6"
"1250",52,583,96.2195491652864,66.201992487636,14.9234428110037,"Escape","3:6"
"1251",52,585,146.359556292906,90.9743164612939,30.6199516377654,"Escape","3:6"
"1252",52,586,177.753845182308,63.99508314774,128.183255230515,"Escape","3:6"
"1254",52,588,175.605386230408,44.2551389610566,182.005490965461,"Escape","3:6"
"1255",52,589,80.9915732345657,71.0244737513582,82.5892730674335,"Escape","3:6"
"1256",52,591,130.998940018457,55.7331718503945,92.2317040129053,"Escape","3:6"
"1257",52,592,190.202879295733,81.0039645730987,4.08790854396627,"Escape","3:6"
"1259",52,595,270.966373751813,77.718374211724,101.842994768614,"Escape","3:6"
"1260",52,596,125.961657271761,45.1986664325375,111.43928534484,"Escape","3:6"
"1263",52,6,62.9793942202107,45.6228062759055,89.2243131093771,"Escape","3:6"
"1265",52,8,147.350487213477,82.6300126256918,44.2477138420296,"Escape","3:6"
"1267",53,11,115.453993495523,57.5645831834745,29.7058737243942,"Escape","3:6"
"1270",53,120,80.7000444370326,121.965837786155,1.36174820275726,"Escape","3:6"
"1274",53,17,88.0313099246684,39.5747310160679,129.558656145184,"Escape","3:6"
"1276",53,18,138.399215956097,74.6388806141678,46.2915690301303,"Escape","3:6"
"1277",53,19,90.5554855116141,56.5545181870249,39.6331481731754,"Escape","3:6"
"1283",53,241,130.582123858081,60.2370753552555,54.0237422075328,"Escape","3:6"
"1284",53,322,98.2291075505027,54.0233288838488,55.0045286283626,"Escape","3:6"
"1285",53,341,176.635482030858,71.1662501095455,43.1995660474538,"Escape","3:6"
"1290",53,491,137.455040167365,70.6250744599019,31.5647168608093,"Escape","3:6"
"1291",53,492,101.199444869314,80.8656013195951,73.1664766456454,"Escape","3:6"
"1295",53,496,108.663617011001,114.951510270979,3.31683995874395,"Escape","3:6"
"1297",53,499,125.916010585913,74.4925170929505,67.8451905867928,"Escape","3:6"
"1298",53,5,99.3200144242419,85.1400147700864,12.1632291699229,"Escape","3:6"
"1299",53,502,196.498546324052,250.754714989203,42.5085777661129,"Escape","3:6"
"1301",53,504,97.5166394030484,85.5699797442898,138.953341028078,"Escape","3:6"
"1303",53,508,98.0494693853162,45.0153219972155,50.968443369004,"Escape","3:6"
"1304",53,509,56.0248639292758,57.3661518078023,11.2223617152052,"Escape","3:6"
"1305",53,510,188.65161192366,110.98834149734,17.1190057979625,"Escape","3:6"
"1306",53,6,107.67505169901,92.6194406444545,68.9621610929586,"Escape","3:6"
"1308",53,8,199.916123407436,108.423901787724,10.2982942759106,"Escape","3:6"
"1309",53,9,117.407460262187,80.1368125879223,45.9478470206168,"Escape","3:6"
"1488",63,0,138.299348581589,55.5752395595375,35.6752361388322,"Invasion","4:5"
"1489",63,1,262.196881443724,57.5146066626541,8.94552922207436,"Invasion","4:5"
"1491",63,11,60.3780841567518,40.5825629430053,59.5867173584302,"Invasion","4:5"
"1493",63,117,97.2053032362249,36.5857624571751,135.868138398431,"Invasion","4:5"
"1494",63,12,50.3937772111498,57.8010906744031,45.0854750810933,"Invasion","4:5"
"1498",63,14,173.665546685571,119.023781392143,3.249482364078,"Invasion","4:5"
"1500",63,15,105.917571511237,94.6615176615766,36.4792200917681,"Invasion","4:5"
"1502",63,157,128.961433271483,63.387325974368,3.57437877858747,"Invasion","4:5"
"1503",63,16,121.529182378933,71.9410532462741,80.6933767894996,"Invasion","4:5"
"1504",63,17,86.2959885027885,77.3959824432734,11.5044540149183,"Invasion","4:5"
"1508",63,178,165.114167488923,104.789606682118,3.62307240267652,"Invasion","4:5"
"1510",63,18,133.394415272972,69.1557371215937,18.5563346133546,"Invasion","4:5"
"1511",63,19,134.495426988787,59.2271077975279,61.3432855585848,"Invasion","4:5"
"1512",63,20,155.898201488341,67.5763575690051,23.1116713281344,"Invasion","4:5"
"1514",63,21,103.299303962127,71.7030892912008,84.4090993012149,"Invasion","4:5"
"1515",63,22,143.97497274614,93.5838286759922,13.4212224949736,"Invasion","4:5"
"1516",63,227,71.0819989709397,58.0500940997312,7.52595101386774,"Invasion","4:5"
"1520",63,24,169.329810431545,119.236052335373,4.54712701184876,"Invasion","4:5"
"1521",63,25,126.614473893835,57.2210635599175,30.2769052190829,"Invasion","4:5"
"1522",63,26,86.4274267246248,48.5649528907707,81.4209113886335,"Invasion","4:5"
"1524",63,27,97.7337484400891,96.0267285287746,6.23927253945645,"Invasion","4:5"
"1527",63,28,88.6537238102896,48.0610331444816,74.9691441688964,"Invasion","4:5"
"1528",63,280,177.968789832756,74.8298142342511,19.2561692781546,"Invasion","4:5"
"1529",63,284,216.789974592545,124.681121184416,3.8608359059801,"Invasion","4:5"
"1530",63,29,117.525683655985,68.2325825082462,44.0461117389194,"Invasion","4:5"
"1533",63,306,208.787618954082,96.2240654767559,2.07448563352951,"Invasion","4:5"
"1535",63,311,216.695469461471,151.23300062481,2.50478961018776,"Invasion","4:5"
"1536",63,315,117.328256019133,103.660387233359,3.3547682327774,"Invasion","4:5"
"1542",63,354,210.78799402803,117.675411634433,8.20434336981447,"Invasion","4:5"
"1545",63,357,95.2663344875558,42.4566790955825,15.8542776587999,"Invasion","4:5"
"1546",63,358,126.453764191647,96.4150938318195,8.63469128293279,"Invasion","4:5"
"1547",63,359,98.6091337825629,76.8237342579626,8.05446455125824,"Invasion","4:5"
"1548",63,360,152.612422776678,89.28812620695,4.54281588131755,"Invasion","4:5"
"1549",63,361,144.54067831105,103.764125105857,2.75077618371934,"Invasion","4:5"
"1560",63,61,215.308483568324,106.893188283935,12.8459158276336,"Invasion","4:5"
"1561",63,64,95.9925081092455,74.2480419074817,6.66849606055878,"Invasion","4:5"
"1562",63,68,128.621073180948,91.2969276618004,5.7236862121421,"Invasion","4:5"
"1564",63,75,195.374136578301,126.678034103105,8.11557913316908,"Invasion","4:5"
"1566",63,78,150.445651877232,106.56853203548,3.17931655118463,"Invasion","4:5"
"1567",63,79,132.664025269026,68.9790116651448,9.2846557185118,"Invasion","4:5"
"1568",63,84,101.106065186649,71.420955263743,8.6778959404549,"Invasion","4:5"
"1569",63,9,89.1961357443611,52.2068128467946,165.234808844744,"Invasion","4:5"
"1570",64,10,105.853563617956,55.4249434266487,55.2610255829843,"Invasion","4:2"
"1573",64,11,162.914548843173,67.311574316804,9.75101313860377,"Invasion","4:2"
"1575",64,12,172.891956701261,92.3068776909524,152.512881317649,"Invasion","4:2"
"1578",64,13,118.731935132053,59.9041955888757,38.2468769179712,"Invasion","4:2"
"1580",64,14,130.604393222302,59.8573946735186,241.592624410763,"Invasion","4:2"
"1583",64,15,115.420341430943,56.5062837891724,20.6645347687562,"Invasion","4:2"
"1584",64,16,90.4656077444481,118.668051496306,35.0070226172543,"Invasion","4:2"
"1585",64,161,142.801748846053,78.7976723338703,15.7458277567706,"Invasion","4:2"
"1586",64,17,229.692843569333,81.3229297610803,59.0714379016355,"Invasion","4:2"
"1588",64,19,89.3105424360441,59.8886221862725,13.3683105931279,"Invasion","4:2"
"1594",64,243,115.138929727418,65.2572762683673,22.4106389086938,"Invasion","4:2"
"1595",64,244,209.842851797815,68.9919772613057,10.4094839567594,"Invasion","4:2"
"1600",64,25,108.601855155778,60.6299231800536,15.3983483549617,"Invasion","4:2"
"1603",64,3,81.3641872306353,48.8743570338486,96.6774165658474,"Invasion","4:2"
"1604",64,30,38.0219448697405,50.0753321062524,4.3682694021113,"Invasion","4:2"
"1606",64,5,85.5280899784537,48.8003599704616,57.927542240849,"Invasion","4:2"
"1607",64,6,83.2058997063177,62.6199018868821,71.5511742139125,"Invasion","4:2"
"1608",64,7,93.6878461456021,46.4472267694617,60.127604682961,"Invasion","4:2"
"1610",66,1,147.218481457942,82.8048488568857,18.7137207333443,"Invasion","4:2"
"1611",66,10,185.655104644269,75.3970969791315,5.67597464245499,"Invasion","4:2"
"1613",66,12,154.750656952826,55.5297447696651,16.5862756664585,"Invasion","4:2"
"1614",66,122,136.911326713466,66.5967187275393,53.2234824335882,"Invasion","4:2"
"1615",66,123,241.317258286094,96.1874262107845,3.87555122047492,"Invasion","4:2"
"1616",66,13,119.171640408882,76.1660652840239,44.8316655806939,"Invasion","4:2"
"1617",66,138,88.5714675298927,51.8105648709725,10.2933849663879,"Invasion","4:2"
"1618",66,14,112.779682518654,52.1601299508705,5.65973007740228,"Invasion","4:2"
"1619",66,15,113.024590147601,66.1224420877783,137.414416018007,"Invasion","4:2"
"1620",66,16,122.374389584725,54.7301149243179,104.936430491229,"Invasion","4:2"
"1621",66,161,87.172546466821,57.3801360269121,30.8722718702662,"Invasion","4:2"
"1622",66,170,34.9598890877936,39.2287538341228,10.7409307301368,"Invasion","4:2"
"1624",66,2,151.944806774429,67.9852985643959,2.55254868841278,"Invasion","4:2"
"1625",66,20,167.966694858113,91.1711548956084,64.0578552644833,"Invasion","4:2"
"1627",66,253,159.219991428603,75.8529817322897,3.42474250517814,"Invasion","4:2"
"1630",66,286,84.423603162417,63.0093140206846,68.8689643391918,"Invasion","4:2"
"1637",66,70,202.082852475608,90.4672288960707,5.10714246216623,"Invasion","4:2"
"1638",66,8,76.1705747594747,41.1829946221465,55.1841384676229,"Invasion","4:2"
"1639",66,9,130.568899732378,64.6930413757051,60.2178764841902,"Invasion","4:2"
"1641",68,11,100.676894379507,47.6371119406352,118.586948318886,"Invasion","4:3"
"1642",68,12,92.4508313547822,43.890831947864,77.9631359664012,"Invasion","4:3"
"1644",68,13,77.6820467705718,32.5034618594053,71.1677855450488,"Invasion","4:3"
"1647",68,16,92.8903439062719,53.4355308772292,135.930080339108,"Invasion","4:3"
"1648",68,17,151.312374138861,42.7434860581766,70.9121299769507,"Invasion","4:3"
"1649",68,20,182.410290821064,53.8105426816105,63.6889054933473,"Invasion","4:3"
"1650",68,22,123.154260444721,95.9571158120363,6.14255191663297,"Invasion","4:3"
"1651",68,23,145.74751601973,74.3396655586241,13.4666684025248,"Invasion","4:3"
"1652",68,24,204.91134648517,105.477224166337,9.01044088748588,"Invasion","4:3"
"1655",68,30,92.3395311368017,100.158687401078,115.530758233307,"Invasion","4:3"
"1657",68,4,137.234903573531,85.8581543680524,5.08577816194052,"Invasion","4:3"
"1659",68,459,154.016097078829,126.591178702712,5.00827200401089,"Invasion","4:3"
"1660",68,471,131.564317295022,172.815154473588,196.823347761444,"Invasion","4:3"
"1661",68,5,78.3027604214534,39.5065964180057,90.4539204289662,"Invasion","4:3"
"1665",68,7,94.9068898005461,82.6247903967838,7.26432610281242,"Invasion","4:3"
"1667",68,715,236.758241563029,94.7799952834933,2.61081188867103,"Invasion","4:3"
"1668",68,796,156.550197535194,89.5448309921251,3.50113494963361,"Invasion","4:3"
"1669",68,840,142.35690617218,97.098095775139,2.91003551349448,"Invasion","4:3"
"1671",68,846,87.399410410186,294.379752310152,34.0432621955974,"Invasion","4:3"
"1672",68,847,188.706662443478,111.334619852067,3.27740621444332,"Invasion","4:3"
"1674",68,882,116.624879206124,67.9396401052071,5.54184644118921,"Invasion","4:3"
"1675",68,889,133.756604194655,55.4030493808453,17.175519621675,"Invasion","4:3"
"1677",68,891,239.453846072071,108.111314990079,23.985065371217,"Invasion","4:3"
"1678",68,892,111.583073236383,69.164411904392,10.7274169441771,"Invasion","4:3"
"1679",68,897,47.2626346646314,34.3089429101384,14.9144116703559,"Invasion","4:3"
"1680",68,899,52.5121823176063,100.892718985492,3.12140686114048,"Invasion","4:3"
"1681",68,900,107.196283443821,84.2292384038976,17.9404118931495,"Invasion","4:3"
"1685",68,904,205.177844030182,124.813635391035,2.00680571465226,"Invasion","4:3"
"1686",68,905,124.842770960087,69.2020296862044,3.12915602713519,"Invasion","4:3"
"1687",68,906,127.820859271526,68.5769630151323,5.70331849332526,"Invasion","4:3"
"1688",68,907,138.731133749599,104.395804837803,2.95261878521489,"Invasion","4:3"
"1689",68,909,111.71270900526,44.6584644398578,5.96162347583365,"Invasion","4:3"
"1690",68,93,65.1403223814396,101.358222335091,9.02964364187137,"Invasion","4:3"
"1691",69,11,101.897645149147,59.6251361963366,277.873207561212,"Invasion","4:3"
"1692",69,12,68.8290188189295,138.939573645288,7.25225490384136,"Invasion","4:3"
"1693",69,123,173.165722214195,135.930831275426,58.6808086937469,"Invasion","4:3"
"1696",69,14,115.265461311538,77.5508232378086,21.9016205547437,"Invasion","4:3"
"1698",69,18,57.9312494919684,125.851736478941,52.7379985910342,"Invasion","4:3"
"1704",69,3,77.0153334670108,58.9468215390581,258.453587852534,"Invasion","4:3"
"1708",69,5,137.310524290865,147.006808661982,7.4126920670333,"Invasion","4:3"
"1709",69,506,139.370714101949,80.7444739330903,11.0325815948246,"Invasion","4:3"
"1712",69,6,103.519175599307,48.5969024215016,192.65839594287,"Invasion","4:3"
"1714",69,7,85.9442716607376,40.1576476442843,135.560019906044,"Invasion","4:3"
"1720",69,750,99.5580143804204,61.5899396576221,21.0882460720617,"Invasion","4:3"
"1721",69,751,58.5944790354011,112.016980624441,2.89919920184984,"Invasion","4:3"
"1723",69,756,147.941597721353,39.314348291699,48.7062748026526,"Invasion","4:3"
"1724",69,757,73.6711422337137,40.9176470023725,33.3558799992446,"Invasion","4:3"
"1726",69,759,67.9659121684034,82.7681247998902,2.35109099299823,"Invasion","4:3"
"1728",69,761,128.44745404895,253.249844520212,19.4025599532415,"Invasion","4:3"
"1729",69,762,164.520165703079,68.24790149126,3.25318373664318,"Invasion","4:3"
"1730",69,763,80.4243919300142,100.53796670762,2.32252838207564,"Invasion","4:3"
"1731",69,9,89.7483399376841,46.1304420691045,79.0280603250499,"Invasion","4:3"
"1732",70,10,84.7983546866507,51.0775738717735,77.3327082701006,"Invasion","4:6"
"1734",70,1060,49.9150112478128,69.707493059547,3.89244784868065,"Invasion","4:6"
"1735",70,11,98.7545693463433,37.2965680301473,52.3728367267582,"Invasion","4:6"
"1741",70,1163,143.101122032578,40.1164182528466,31.4187245761923,"Invasion","4:6"
"1742",70,1167,70.6814971684308,58.3593384500619,9.14840758329862,"Invasion","4:6"
"1744",70,1169,115.278673913928,66.7627426787542,12.7812140648643,"Invasion","4:6"
"1746",70,1171,96.9305676880412,89.5856313196153,2.87664514232483,"Invasion","4:6"
"1747",70,1172,61.2069051769984,94.6875906373405,6.95951375324797,"Invasion","4:6"
"1748",70,1173,103.061469825849,43.1280491442656,5.36361077534888,"Invasion","4:6"
"1749",70,1174,62.3378571340836,37.4243160047131,9.91687684951006,"Invasion","4:6"
"1750",70,1176,154.035271398706,64.9797769006711,15.9989137217097,"Invasion","4:6"
"1751",70,1177,79.1948386866737,95.4819240411763,6.83326463207482,"Invasion","4:6"
"1752",70,1178,94.9977427079532,93.8917307302299,2.51748714199961,"Invasion","4:6"
"1754",70,118,138.324616889734,67.4649376898459,4.22459563589487,"Invasion","4:6"
"1755",70,1180,141.814871317949,70.8036269264196,2.91979399662753,"Invasion","4:6"
"1757",70,1186,187.004229345705,98.5344113882152,4.8253791345479,"Invasion","4:6"
"1758",70,12,116.977209616777,48.9838688564117,33.4504415783203,"Invasion","4:6"
"1759",70,13,60.9915314847128,77.8483432977719,29.9268712631553,"Invasion","4:6"
"1760",70,14,123.088451269928,41.2059823845692,69.0861950213418,"Invasion","4:6"
"1762",70,16,106.370723819105,84.3630166589403,9.64274264313114,"Invasion","4:6"
"1764",70,18,95.3738645569716,47.5313416462226,56.3873548653117,"Invasion","4:6"
"1765",70,20,128.336015180158,44.6656863222501,73.0314584090643,"Invasion","4:6"
"1766",70,24,111.236766867263,108.178593466758,13.8140751268136,"Invasion","4:6"
"1768",70,258,70.9023617237875,87.6033918093398,2.80111624526497,"Invasion","4:6"
"1769",70,27,147.818864841428,49.6905017852322,87.7991447152192,"Invasion","4:6"
"1771",70,279,40.8520905390327,119.407352627068,18.3147613740204,"Invasion","4:6"
"1772",70,28,69.6867256149004,56.6410483261532,73.6072960822418,"Invasion","4:6"
"1773",70,29,90.5248701091584,52.5360496861633,102.206168403211,"Invasion","4:6"
"1774",70,30,108.790496081887,65.7366222770383,83.821627483245,"Invasion","4:6"
"1775",70,32,102.076140807308,45.808819805208,94.3248424307355,"Invasion","4:6"
"1776",70,33,157.172779078916,68.5248204914711,18.3110495211684,"Invasion","4:6"
"1778",70,452,93.2564527356424,33.5592105323315,16.9740573711309,"Invasion","4:6"
"1779",70,482,150.602631351962,79.2683350959491,14.1362831750618,"Invasion","4:6"
"1781",70,52,160.884263666949,71.9391124350696,89.181154402178,"Invasion","4:6"
"1785",70,848,72.0026713489459,147.321870041581,4.41097465304867,"Invasion","4:6"
"1787",77,1,333.453641087215,75.5052775479685,6.97004910560326,"Invasion","5:4"
"1788",77,10,106.076911065129,59.2129852112408,116.110975258925,"Invasion","5:4"
"1789",77,11,109.597239433049,70.2093471886835,4.74953854914478,"Invasion","5:4"
"1791",77,12,71.1276414753978,105.79254805293,38.6695008224117,"Invasion","5:4"
"1793",77,133,183.731243206215,66.788845877462,6.99834838736222,"Invasion","5:4"
"1794",77,14,150.345657387594,109.545403220193,5.6739389054133,"Invasion","5:4"
"1796",77,155,108.485223285229,65.2695930909591,3.18512862118653,"Invasion","5:4"
"1797",77,16,105.33955219852,58.5578236026634,35.5328337449774,"Invasion","5:4"
"1798",77,17,102.733534250723,57.4917848846261,20.9713057514061,"Invasion","5:4"
"1802",77,18,173.66657821787,61.6105627267098,12.3812590406421,"Invasion","5:4"
"1804",77,186,132.411651993648,50.5177814779395,15.3967322096288,"Invasion","5:4"
"1805",77,19,118.834747425708,100.438768559945,39.026912833143,"Invasion","5:4"
"1806",77,195,347.137528332881,87.9623626582933,8.2955348001484,"Invasion","5:4"
"1807",77,20,101.721448324786,212.253981153781,8.02071273248388,"Invasion","5:4"
"1808",77,202,113.577018991717,72.1271571658562,33.8056525122507,"Invasion","5:4"
"1809",77,21,106.691267802866,59.1909595363729,7.22540090069135,"Invasion","5:4"
"1810",77,23,486.079144840654,124.264005407837,1.84903917835275,"Invasion","5:4"
"1811",77,234,135.074525501325,70.7272642676597,16.274013429703,"Invasion","5:4"
"1813",77,25,127.963115073735,74.1764889783595,13.9678413799716,"Invasion","5:4"
"1814",77,26,101.568051612212,48.6541400431709,281.842551514077,"Invasion","5:4"
"1815",77,271,49.0590752284543,146.709890583251,2.06091823099703,"Invasion","5:4"
"1816",77,28,69.4393839065126,66.2847201145301,13.974516415716,"Invasion","5:4"
"1817",77,29,115.494567928481,85.9230843907859,2.81124604202931,"Invasion","5:4"
"1818",77,319,101.597666888322,70.8283403195212,11.3524473753098,"Invasion","5:4"
"1820",77,529,133.007830372575,58.6323232795623,21.7128794593316,"Invasion","5:4"
"1822",77,531,95.3260771028261,47.0765066243203,18.8984060582634,"Invasion","5:4"
"1823",77,532,116.839923894251,54.7555095564997,20.3482643508109,"Invasion","5:4"
"1824",77,535,74.5696285270142,52.4014043506199,3.37127518378192,"Invasion","5:4"
"1825",77,536,127.590887654571,67.4761256145696,36.9402805572704,"Invasion","5:4"
"1828",77,63,98.8551293237538,56.8439528210987,18.2621235208847,"Invasion","5:4"
"1831",77,9,215.044227668124,115.713239321074,90.9131749940075,"Invasion","5:4"
"1833",8,10,77.2483735984395,293.425756757056,83.7147917782616,"Ancestor","1:5"
"1834",8,11,167.828323951177,79.1428018552629,22.5855142192758,"Ancestor","1:5"
"1835",8,111,24.2127714094746,520.465557977291,53.0319839103897,"Ancestor","1:5"
"1836",8,12,116.331142138284,89.9762777378973,87.4196389233104,"Ancestor","1:5"
"1837",8,13,135.513346860772,54.2478392128264,61.1408521191938,"Ancestor","1:5"
"1838",8,14,89.5946841834835,49.5357503031632,150.691331493546,"Ancestor","1:5"
"1840",8,15,108.845135231935,45.5628183752647,25.7024253612273,"Ancestor","1:5"
"1841",8,16,81.7644568639967,44.9946183404377,15.4356817144526,"Ancestor","1:5"
"1842",8,17,200.850684780194,77.3530395599881,56.6297954098246,"Ancestor","1:5"
"1843",8,18,194.863566990568,63.0382694110033,33.9983758346185,"Ancestor","1:5"
"1844",8,19,126.589103413247,105.448067454757,43.936075144637,"Ancestor","1:5"
"1845",8,20,154.723417682784,75.00282979572,80.0274566045705,"Ancestor","1:5"
"1846",8,209,91.5532735086372,61.6953855670682,26.6011269278846,"Ancestor","1:5"
"1847",8,21,99.2435042361932,58.4214055615043,44.0875704183865,"Ancestor","1:5"
"1848",8,22,283.613459594467,144.854427502209,60.1899106872061,"Ancestor","1:5"
"1850",8,23,115.340144206691,70.6320095415233,159.236884244447,"Ancestor","1:5"
"1852",8,25,179.355804720271,81.7239602381702,3.90390387143449,"Ancestor","1:5"
"1853",8,26,95.3123315425557,62.8946086031335,16.6860111863476,"Ancestor","1:5"
"1854",8,262,123.730911405784,66.777901162506,7.9535559927779,"Ancestor","1:5"
"1855",8,27,118.408083920242,70.2446812091882,25.0919464026747,"Ancestor","1:5"
"1856",8,281,116.15793450273,187.670176660572,51.0199756255446,"Ancestor","1:5"
"1860",8,328,140.707314200474,76.7252462847001,48.9000484563301,"Ancestor","1:5"
"1861",8,329,59.5282311808186,32.5853439522875,7.63080506291751,"Ancestor","1:5"
"1863",8,331,151.885056562224,80.9565518829736,14.1397701355114,"Ancestor","1:5"
"1866",8,334,129.963637208987,31.743427083423,37.5857172964332,"Ancestor","1:5"
"1867",8,335,139.820137700154,71.6309479170186,59.0470393586197,"Ancestor","1:5"
"1868",8,336,202.476409997099,109.129164748542,62.9701399475049,"Ancestor","1:5"
"1869",8,37,191.235724766943,118.389967729248,38.2622550688449,"Ancestor","1:5"
"1870",8,47,122.821102267934,105.152538721111,30.5360072795586,"Ancestor","1:5"
"1871",8,49,77.6209700035512,55.0390622547058,33.8863787032722,"Ancestor","1:5"
"1874",8,75,122.346237974592,102.033142851464,2.48057450396211,"Ancestor","1:5"
"1879",8,87,51.8170023026718,658.525775835719,42.3356850964055,"Ancestor","1:5"
"1881",8,97,82.4072967522351,71.2292231172245,34.2853944673677,"Ancestor","1:5"
"1882",81,10,70.9659347602307,44.2703892217584,151.619255674127,"Invasion","5:5"
"1884",81,132,94.9743761150021,70.3096818941722,18.4988297869894,"Invasion","5:5"
"1885",81,153,75.0529486605436,54.264680654899,8.62727936611262,"Invasion","5:5"
"1886",81,205,76.3980022525937,42.5571212581756,68.9110528738157,"Invasion","5:5"
"1888",81,236,100.933578344787,59.5192084557512,7.83608411964507,"Invasion","5:5"
"1889",81,25,105.673913144295,60.6225620136308,95.2202974763856,"Invasion","5:5"
"1890",81,26,97.7175910368794,35.9583554987248,26.4818862342711,"Invasion","5:5"
"1891",81,27,125.565287766792,71.4199267193615,42.8433355593419,"Invasion","5:5"
"1892",81,28,107.534226237748,56.8151335196296,187.427395886663,"Invasion","5:5"
"1893",81,29,137.875892784622,50.2994584433504,46.6229743681624,"Invasion","5:5"
"1894",81,3,67.2870411673964,54.1764543210396,81.2320399805421,"Invasion","5:5"
"1895",81,30,87.9643736710144,51.7585059897845,7.76944486423873,"Invasion","5:5"
"1896",81,32,79.0702645804631,47.6690410516414,59.3311495928033,"Invasion","5:5"
"1897",81,34,93.1477307835627,46.931099811004,118.828994141526,"Invasion","5:5"
"1898",81,35,125.003562498744,46.8702774265181,124.264082534574,"Invasion","5:5"
"1899",81,36,126.741183261114,69.8598138470247,2.92625698975071,"Invasion","5:5"
"1900",81,37,123.094363672618,60.2078385473724,18.8115276020264,"Invasion","5:5"
"1901",81,38,97.2832813448953,82.8329819309572,42.3855922499887,"Invasion","5:5"
"1902",81,383,112.25945064158,64.4561016313035,8.42460072924317,"Invasion","5:5"
"1903",81,39,165.417217237861,90.8659930539318,22.023136001651,"Invasion","5:5"
"1904",81,4,72.4236472231734,47.7215159443611,51.210790267509,"Invasion","5:5"
"1905",81,41,106.608690129826,103.196113108941,34.2690793765448,"Invasion","5:5"
"1907",81,43,81.7470666841832,38.6858833525485,85.608027477423,"Invasion","5:5"
"1909",81,46,91.9441804402712,44.2402786728644,22.0437536964854,"Invasion","5:5"
"1913",81,569,257.565786710476,137.445504666776,26.3593875915126,"Invasion","5:5"
"1915",81,633,76.6534262306784,112.917058868577,24.1173473274105,"Invasion","5:5"
"1918",81,7,96.2754652464287,76.6888482616413,47.1298774642855,"Invasion","5:5"
"1925",81,775,102.739801258233,53.7229697759122,52.8611219013589,"Invasion","5:5"
"1926",81,776,99.5873317835642,43.4186781076206,56.7982065119644,"Invasion","5:5"
"1927",81,777,98.3407929605436,106.756030250528,7.59001446883781,"Invasion","5:5"
"1928",81,778,129.263080626366,71.7928911474413,3.02016623271181,"Invasion","5:5"
"1929",81,779,140.992070438572,87.4033827391198,2.31892777712358,"Invasion","5:5"
"1935",81,788,96.6023667559281,61.3821651661738,15.4021981484954,"Invasion","5:5"
"1940",83,10,105.83798202429,50.5769566663444,96.6391304859899,"Invasion","5:2"
"1941",83,11,83.7893776098823,54.5970362523558,104.845955135378,"Invasion","5:2"
"1942",83,12,64.5031501221921,49.5140621059391,53.494771510118,"Invasion","5:2"
"1943",83,13,129.311972754297,66.161113978972,62.9272190149752,"Invasion","5:2"
"1944",83,14,85.7139506997901,41.3479318011179,92.2546856593999,"Invasion","5:2"
"1945",83,16,95.7235081017364,51.7747131860048,19.570229678507,"Invasion","5:2"
"1947",83,187,90.1394373709243,58.0658774700556,31.2680398441631,"Invasion","5:2"
"1948",83,21,97.5922122365856,36.6886612226212,101.879410604026,"Invasion","5:2"
"1950",83,23,94.4734625995919,50.8493569078466,133.028438280151,"Invasion","5:2"
"1951",83,24,88.927374290206,43.7524198883301,52.8702336235554,"Invasion","5:2"
"1952",83,27,99.7952600824436,44.7393562315763,43.977792214613,"Invasion","5:2"
"1953",83,28,111.320791891193,52.6841144686373,21.7863457059453,"Invasion","5:2"
"1954",83,29,111.411971468711,58.0949476986044,18.3254852085919,"Invasion","5:2"
"1955",83,30,103.951397393053,54.9127930186176,57.6941310845525,"Invasion","5:2"
"1956",83,31,71.3436617933836,33.6171191428831,80.2238220182424,"Invasion","5:2"
"1959",83,430,228.891428133006,111.331704199867,15.0678184565119,"Invasion","5:2"
"1961",83,45,108.227004757061,89.3914946986379,10.5422319376659,"Invasion","5:2"
"1964",83,466,126.711476211295,85.7318436861515,4.79838657864147,"Invasion","5:2"
"1966",83,5,53.4929668273172,40.4894670079067,11.5142579988417,"Invasion","5:2"
"1967",83,533,114.873403465375,73.9126865401541,13.3559669688944,"Invasion","5:2"
"1968",83,571,53.2516413209605,48.7472511131616,3.56596532713102,"Invasion","5:2"
"1976",83,726,79.5180867655908,58.8414521568017,63.3981841741668,"Invasion","5:2"
"1977",83,727,98.7205735581419,59.397608546004,24.5121523554871,"Invasion","5:2"
"1978",83,728,170.239789529453,93.5420141033042,9.5649346216446,"Invasion","5:2"
"1981",83,732,58.7927038935819,37.2960128655011,11.7427648324184,"Invasion","5:2"
"1983",83,734,134.520652206166,104.647172331818,2.4072599809082,"Invasion","5:2"
"1984",83,736,130.391862186077,72.3525536966563,4.03624227942892,"Invasion","5:2"
"1985",83,737,112.910045553786,90.6374879184079,8.2018769041662,"Invasion","5:2"
"1987",83,739,73.7333053617713,56.1316661132789,31.655616334459,"Invasion","5:2"
"1990",83,79,102.008449428165,91.7165725383105,37.9172648968423,"Invasion","5:2"
"1992",83,9,106.59367985192,78.0005415688711,22.4492565455542,"Invasion","5:2"
"1993",84,1,181.580118159223,46.429903670092,7.34119500497082,"Invasion","5:2"
"1994",84,10,82.1520901033665,92.7249009674239,19.3197004375241,"Invasion","5:2"
"1995",84,12,82.445469525404,77.020957445299,66.4628522419908,"Invasion","5:2"
"1997",84,14,103.737917236295,69.7066545234952,11.5823306683427,"Invasion","5:2"
"1998",84,16,93.9950712364162,51.1279111382912,332.780537182697,"Invasion","5:2"
"1999",84,17,94.0324857326794,78.6096814310485,136.886149656826,"Invasion","5:2"
"2001",84,19,98.3104814535127,62.6631791590047,21.2327695247273,"Invasion","5:2"
"2002",84,20,105.255609293728,77.870295344715,26.2802609611558,"Invasion","5:2"
"2003",84,21,101.393403421543,77.9924218842781,16.7781538753696,"Invasion","5:2"
"2005",84,23,183.63008984482,69.8691916224324,10.2178023903511,"Invasion","5:2"
"2006",84,24,135.341663647157,65.7525616820934,143.180468412058,"Invasion","5:2"
"2008",84,299,98.2165883232233,70.8606132695565,56.0808632588642,"Invasion","5:2"
"2009",84,30,88.6862538387319,51.0989102057347,27.1244933962185,"Invasion","5:2"
"2013",84,483,93.2983407860769,59.4836828987647,174.58885417971,"Invasion","5:2"
"2014",84,60,76.4779643924884,105.057398861743,36.179768247344,"Invasion","5:2"
"2017",84,630,67.2886580404667,42.9241411225792,35.7051769550311,"Invasion","5:2"
"2019",84,632,101.110209008492,89.7096102248649,11.493815478593,"Invasion","5:2"
"2020",84,633,90.612031139485,65.7402942456296,9.40038641913176,"Invasion","5:2"
"2021",84,634,109.613565065283,81.5485227874318,3.28176451382692,"Invasion","5:2"
"2043",9,1,361.6587193436,108.400945742458,7.81222032700518,"Ancestor","1:5"
"2044",9,11,112.054623725374,93.6838820255171,27.0408544520575,"Ancestor","1:5"
"2045",9,12,107.767555387241,124.826835354074,2.14544959436176,"Ancestor","1:5"
"2047",9,142,100.356939828148,67.3590999549051,57.692545915089,"Ancestor","1:5"
"2048",9,15,91.7100982721842,76.9804810786563,118.43257597504,"Ancestor","1:5"
"2050",9,18,196.59202883218,128.571236370959,4.30404243097848,"Ancestor","1:5"
"2052",9,2,86.7570324660083,42.3074412292831,48.8847595135508,"Ancestor","1:5"
"2053",9,20,100.637217406551,86.0911239842389,2.35025581425432,"Ancestor","1:5"
"2055",9,210,121.428418859929,311.661806264655,2.05782833793836,"Ancestor","1:5"
"2057",9,22,295.80350884774,127.472183004119,17.3481365824421,"Ancestor","1:5"
"2058",9,235,34.2768954481945,82.7426428465378,17.4162641750684,"Ancestor","1:5"
"2060",9,24,66.8223689612255,116.276951461201,26.8632579633626,"Ancestor","1:5"
"2064",9,27,125.520094365994,36.1635119300812,109.337970554812,"Ancestor","1:5"
"2065",9,28,174.023310914956,65.8085758774761,54.0271359193373,"Ancestor","1:5"
"2066",9,29,120.102363439513,64.9144452367884,53.0358602917344,"Ancestor","1:5"
"2067",9,3,103.120783686955,74.7823203119296,21.8750634287324,"Ancestor","1:5"
"2068",9,30,94.5319642868307,59.7339159341766,16.6636937137391,"Ancestor","1:5"
"2069",9,31,189.992365035814,84.6727198180836,42.3699978109528,"Ancestor","1:5"
"2072",9,34,142.539655191682,66.219071076887,20.4990083309128,"Ancestor","1:5"
"2075",9,35,97.321651874987,49.3147454121058,158.859255161045,"Ancestor","1:5"
"2076",9,37,121.608426802502,62.7210825501589,27.0256361010963,"Ancestor","1:5"
"2078",9,38,86.1024471393814,36.9847318065967,35.043941981437,"Ancestor","1:5"
"2080",9,4,71.5146984169077,45.2971079782147,60.8642272247776,"Ancestor","1:5"
"2081",9,40,123.572101642697,66.5788474146443,60.6444443960317,"Ancestor","1:5"
"2085",9,42,50.6652062980354,334.135177349404,47.0120903132978,"Ancestor","1:5"
"2086",9,43,93.2931854217992,96.599232479104,22.3046512532413,"Ancestor","1:5"
"2092",9,472,178.032210275166,105.635856526567,9.79527946181501,"Ancestor","1:5"
"2099",9,503,136.073381145696,136.158039818801,33.7447143181381,"Ancestor","1:5"
"2100",9,505,210.173934934845,98.4722902599814,29.5071823198902,"Ancestor","1:5"
"2101",9,508,90.4211654774492,201.532131770619,56.1074002693189,"Ancestor","1:5"
"2102",9,536,133.585592556996,66.7714646463232,38.0823853953084,"Ancestor","1:5"
"2103",9,540,135.568948730595,60.4277996672655,21.3706755993139,"Ancestor","1:5"
"2105",9,550,242.511238207943,113.670964019728,3.45212490459839,"Ancestor","1:5"
"2107",9,57,163.015323252567,72.4993146676599,44.741216623626,"Ancestor","1:5"
"2108",9,592,148.536115769462,87.8292587343484,140.735296814814,"Ancestor","1:5"
"2114",9,7,52.87370430499,131.922661039108,21.4591870205289,"Ancestor","1:5"
"2120",9,8,125.005666863864,70.1983986172504,39.3509846221532,"Ancestor","1:5"
"2121",9,821,180.314597589563,88.0377642874432,17.7786549319299,"Ancestor","1:5"
"2123",9,823,101.525272055454,70.9097217634059,15.4070552004567,"Ancestor","1:5"
"2125",9,825,151.935050843559,79.2895193205256,24.1586978543166,"Ancestor","1:5"
"2126",9,826,95.7136417233771,89.396676547021,17.372743609091,"Ancestor","1:5"
"2130",9,831,112.444074460601,114.286157797699,8.81498979978854,"Ancestor","1:5"
"2131",9,833,68.5287548124535,173.201748432161,2.87847068634526,"Ancestor","1:5"
"2132",9,834,179.794530298542,94.7655734781495,5.89305765490495,"Ancestor","1:5"
"2133",9,835,122.20848398061,272.834746766799,10.5627272841115,"Ancestor","1:5"
"2135",9,841,144.410679747234,69.9142258262288,42.0340162363889,"Ancestor","1:5"
"2136",9,842,143.899221021964,83.1061380119673,9.02617321634389,"Ancestor","1:5"
"2137",9,843,87.0778683970818,163.744452347116,1.71606678781982,"Ancestor","1:5"
"2138",9,844,256.784042552381,133.241058704052,9.90133033035267,"Ancestor","1:5"
"2140",9,848,161.267623094905,73.8705223974559,30.5117421887487,"Ancestor","1:5"
"2141",9,850,115.977753855745,173.798567486956,9.66341411335282,"Ancestor","1:5"
"2142",9,851,108.947906264023,61.3111530561485,29.426475382442,"Ancestor","1:5"
"2143",9,852,58.5283039289043,44.4293295089699,20.2079337942958,"Ancestor","1:5"
"2144",9,854,171.855572276797,102.128810938581,1.8780382117997,"Ancestor","1:5"
"2145",9,856,177.328954523791,87.2938352891474,1.42731011458036,"Ancestor","1:5"
